grade,bets,wins,units,win_rate
A,567,375,232.58754097060617,66.14
A+,456,293,151.38649130760405,64.25
B,164,120,106.85138802950759,73.17
B+,286,169,73.79959949914276,59.09
PASS,35,21,6.79565263821914,60.0
