grade,bets,wins,units,win_rate
A,89,59,31.282276252431263,66.29
A+,245,142,65.45734764476192,57.96
B,43,24,14.088944974761358,55.81
B+,122,69,19.596936797361536,56.56
