grade,bets,wins,units,win_rate
A,111,63,17.282276252431263,56.76
A+,392,246,122.65011241737507,62.76
B,55,31,17.100483436299818,56.36
B+,144,82,34.601637652062394,56.94
