grade,bets,wins,units,win_rate
A,45,29,11.59381920246123,64.44
A+,148,80,14.44441763749115,54.05
B,30,18,14.508944974761357,60.0
B+,84,48,12.118376213707784,57.14
