grade,bets,wins,units,win_rate
A,327,223,111.34368396107357,68.2
A+,394,247,122.65011241737507,62.69
B,100,69,47.05576183656209,69.0
B+,154,87,35.17163765206239,56.49
