grade,bets,wins,units,win_rate
A,624,413,248.32618636377666,66.19
A+,456,293,151.38649130760405,64.25
B,210,150,112.57368564567903,71.43
B+,375,224,86.0713377831881,59.73
PASS,35,21,6.79565263821914,60.0
