grade,bets,wins,units,win_rate
A,477,316,198.47928945640305,66.25
A+,447,285,144.38649130760405,63.76
B,151,113,106.21583494034739,74.83
B+,223,137,70.66810124497026,61.43
PASS,25,12,-2.03434736178086,48.0
