grade,bets,wins,units,win_rate
A,17,14,8.997785753391842,82.35
A+,54,25,-11.816557837982602,46.3
B,14,5,-4.030606060606061,35.71
B+,49,29,6.331759399632163,59.18
