market,bets,wins,units,win_rate
hitter_hits,17,7,-6.0475637326817,41.18
hitter_hits_runs_rbis,20,13,2.495042602822604,65.0
hitter_rbis,16,12,2.9560025496008766,75.0
hitter_runs,24,17,10.461471861471862,70.83
hitter_total_bases,36,17,-3.5350588419195645,47.22
pitcher_outs,11,3,-4.779259259259259,27.27
pitcher_strikeouts,11,5,-1.4621933195388708,45.45
