market,bets,wins,units,win_rate
hitter_fantasy_score,12,5,-2.0,41.67
hitter_hits,297,214,70.15665958999739,72.05
hitter_hits_runs_rbis,319,216,97.77767634777815,67.71
hitter_rbis,215,149,131.5937440077352,69.3
hitter_runs,222,160,103.93906695629201,72.07
hitter_total_bases,334,189,134.90008437530636,56.59
pitcher_outs,105,50,-9.646910444743245,47.62
pitcher_strikeouts,196,118,78.43303290610108,60.2
