market,bets,wins,units,win_rate
hitter_fantasy_score,12,5,-2.0,41.67
hitter_hits,268,193,63.43426756982327,72.01
hitter_hits_runs_rbis,276,190,93.8597793210402,68.84
hitter_rbis,188,128,118.0830493117067,68.09
hitter_runs,194,139,90.06318365611205,71.65
hitter_total_bases,287,165,139.481716831101,57.49
pitcher_outs,99,49,-5.221623088421405,49.49
pitcher_strikeouts,184,109,73.72029884371788,59.24
