market,bets,wins,units,win_rate
hitter_fantasy_score,2,0,-2.0,0.0
hitter_hits,46,25,-4.777326521592492,54.35
hitter_hits_runs_rbis,45,27,2.764226229110332,60.0
hitter_rbis,39,22,-2.59070490825806,56.41
hitter_runs,43,26,9.811471861471862,60.47
hitter_total_bases,62,35,34.28682085732856,56.45
pitcher_outs,32,15,-2.6905714206169913,46.88
pitcher_strikeouts,38,25,17.861641930978315,65.79
