market,bets,wins,units,win_rate
hitter_fantasy_score,7,2,-3.0,28.57
hitter_hits,110,70,9.931413640975789,63.64
hitter_hits_runs_rbis,112,76,31.064335728539557,67.86
hitter_rbis,79,52,14.328761779619011,65.82
hitter_runs,91,61,36.449760336282075,67.03
hitter_total_bases,142,73,46.55946691647212,51.41
pitcher_outs,67,31,-7.933630689482822,46.27
pitcher_strikeouts,94,57,64.23440204576282,60.64
