market,bets,wins,units,win_rate
hitter_fantasy_score,6,2,-2.0,33.33
hitter_hits,73,45,0.1963376851264666,61.64
hitter_hits_runs_rbis,78,49,11.064335728539557,62.82
hitter_rbis,56,34,1.3287617796190108,60.71
hitter_runs,66,41,20.489760336282075,62.12
hitter_total_bases,103,54,36.80946691647211,52.43
pitcher_outs,53,26,-3.3424595535788617,49.06
pitcher_strikeouts,64,43,65.87930277685572,67.19
