market,bets,wins,units,win_rate
hitter_fantasy_score,12,5,-2.0,41.67
hitter_hits,227,160,46.24475735527341,70.48
hitter_hits_runs_rbis,238,165,82.12012271412695,69.33
hitter_rbis,164,114,115.27438043112002,69.51
hitter_runs,173,131,94.78164519457357,75.72
hitter_total_bases,249,146,121.661716831101,58.63
pitcher_outs,97,48,-5.1650193148365,49.48
pitcher_strikeouts,163,94,64.79776637618542,57.67
