platform,bets,wins,units,win_rate
Bet365,4,4,2.6333333333333333,100.0
BetMGM,39,21,-3.5752707817925207,53.85
BetOnline.ag,5,1,-3.0,20.0
BetRivers,2,2,1.835294117647059,100.0
Betr,36,20,4.0,55.56
Bovada,5,0,-5.0,0.0
Caesars,7,4,0.3932214121575822,57.14
DraftKings,12,6,-1.7883907538477044,50.0
FanDuel,6,2,-1.32,33.33
Fanatics,3,2,0.7405405405405405,66.67
Novig,13,11,6.563653386397052,84.62
Parx,3,1,-1.393939393939394,33.33
